epoch	train_loss	valid_loss	train_qwk	valid_qwk
0	19.474970346559648	19.662951609362725	0.6119971358926274	0.6036169524200592
1	18.738709209729794	18.271393703377765	0.6912793945731723	0.7238326348232061
2	18.59355839698211	19.04196779883426	0.6923479322969783	0.5845676512231759
3	18.600627178731173	18.2058593345725	0.6888601678478155	0.7317371497914881
