epoch	train_loss	valid_loss	train_qwk	valid_qwk
0	0.4629246634515849	0.4288550017409305	0.7793401896747716	0.8178647084050163
1	0.41922677955457144	1.9029455979613594	0.8206196704009101	0.798863473667741
2	0.40020189737538236	0.37510723762863407	0.8339461590230511	0.8491362486243326
3	0.3852877696439043	0.3612892766216484	0.8464434396742784	0.8689202808836294
4	0.3461969020188629	0.33118114515335234	0.875632586723472	0.88672846775316
5	0.333578676538808	0.32118642684149545	0.8835892065295938	0.8902743096582896
6	0.33089493169219464	0.3218920427795762	0.8859355826644124	0.8877808346319058
7	0.3235912621795357	0.3169303382302468	0.8899060940722817	0.8931843465741771
